domain;ID_n;best_mod;best_mod_ind;best_mod_pmp;best_mod_sd;agreement;n_runs;ID
Countries;1;GCM;3;0,604216781258583;0,08829345183140222;0,92;50;n11xewpgbxj4
Countries;2;RULEXJ;1;0,889797086715698;0,04323890018481383;1,00;50;munr1sh9ezc8
Countries;3;RULEXJ;1;0,444561356306076;0,04710818003033162;0,76;50;7k1k3a6issm1
Countries;4;RULEXJ;1;0,870403574705124;0,05397919088153832;1,00;50;4n5e6nkj21xl
Countries;5;RULEXJ;1;0,628786573410034;0,11095780138398434;0,94;50;k5d1wxxqlmni
Countries;6;RULEXJ;1;0,418604604899883;0,13488673881260355;0,60;50;xwvj2v8391m1
Countries;7;GCM;3;0,822039148807526;0,04237424940330118;1,00;50;x7t9moqpn7du
Countries;8;GCM;3;0,846877899169922;0,01955212216035319;1,00;50;cu4jzug5dshc
Countries;9;GCM;3;0,497027890086174;0,11045770789058949;0,76;50;p1zg6qqoufvv
Countries;10;RULEXJ;1;0,966629896163940;0,02012447122675227;1,00;50;wlfzyxtuin3l
Countries;11;GCM;3;0,580993194580078;0,08986759618390902;0,80;50;hpajcjzog48v
Countries;12;RULEXJ;1;0,956482175588608;0,02238762108867901;1,00;50;dlan9mr2iku8
Countries;13;GCM;3;0,418716839849949;0,14019180947396670;0,54;50;8xw3ufhwbsme
Countries;14;RULEXJ;1;0,892107741832733;0,03752947163480856;1,00;50;7bagakupy07m
Countries;15;GCM;3;0,804056503772736;0,05533948497469848;1,00;50;jlx0jreulovy
Countries;16;RULEXJ;1;0,976576622724533;0,01004157718505272;1,00;50;kp76hw01z3b2
Countries;17;RULEXJ;1;0,575989364385605;0,09057264663786428;0,92;50;f52y9ezjwc9h
Countries;18;GCM;3;0,498912094831467;0,08006891029366518;0,80;50;ev2fnz9nxtx2
Countries;19;RULEXJ;1;0,919947152137756;0,06368029353124725;1,00;50;nfd8u3q7kdlu
Countries;20;RULEXJ;1;0,959394900798798;0,02695613831248507;1,00;50;mq9p1a54t26w
Countries;21;RULEXJ;1;0,880598912835121;0,10013390540390502;1,00;50;svdxe9n1f3ku
Countries;22;RULEXJ;1;0,976354814767838;0,01250514301205275;1,00;50;6p84ypzofiiy
Countries;23;RGUESS;6;0,586903692483902;0,11791529765320929;0,72;50;15er40f6hrc7
Countries;24;RULEXJ;1;0,875387042164803;0,08628504395014630;0,98;50;1jyepxdsepby
Countries;25;GCM;3;0,604514269828796;0,06964496038869905;0,94;50;un90iavtgolm
Countries;26;RULEXJ;1;0,715826524198055;0,12402501413567864;0,96;50;8xds32cqrhlg
Countries;27;GCM;3;0,799327058792114;0,08844369054153087;1,00;50;830wmzipl92b
Countries;28;GCM;3;0,898717381954193;0,02244023243971503;1,00;50;ap09bdriiaxs
Countries;29;RULEXJ;1;0,966866700649262;0,01895118117391772;1,00;50;f7wkplh1kr5z
Countries;30;GCM;3;0,493735654354095;0,15439492121600543;0,60;50;rj8dmpyn2563
Countries;31;GCM;3;0,836584051847458;0,03900595440952363;1,00;50;1r4upum7lxhi
Countries;32;RULEXJ;1;0,967633556127548;0,02446488188395247;1,00;50;j76opfa4wjzj
Countries;33;GCM;3;0,879848016500473;0,01940526653608672;1,00;50;efuhrzbhjnwg
Countries;34;RULEXJ;1;0,845093237161636;0,07094888520069245;1,00;50;nkfzm8e0mtcu
Countries;35;MAPP;4;0,982776699066162;0,01258135963874612;1,00;50;6pjob01zppal
Countries;36;GCM;3;0,393159361481667;0,05650590606487874;0,56;50;19x6o075e4oy
Countries;37;RULEXJ;1;0,418197482526302;0,14299564256660569;0,64;50;ovd5s5i79kru
Countries;38;RULEXJ;1;0,871463782787323;0,04990924705293689;1,00;50;a1yt5ymbgc4m
Countries;39;GCM;3;0,837951512336731;0,03110587811662220;1,00;50;1nziths5mtj0
Countries;40;RULEXJ;1;0,680907903909683;0,05939640874818761;1,00;50;oi136bu0srj9
Countries;41;GCM;3;0,567641059160233;0,09416077273448738;0,78;50;i6xr02yzsoee
Countries;42;GCM;3;0,801662006378174;0,02636939371698020;1,00;50;8pxa6oh4ylfk
Countries;43;MAPP;4;0,535804796218872;0,15268318291224969;0,84;50;5p4nqbumcod1
Countries;44;RULEXJ;1;0,899587137699127;0,04042579757037146;1,00;50;nxibx285n3rn
Countries;45;GCM;3;0,798987778425217;0,06030978828340652;1,00;50;kesc2p7oa7me
Countries;46;GCM;3;0,675128673315048;0,10243864907460835;0,98;50;okeobbnlodto
Countries;47;RULEXJ;1;0,886191974878311;0,04340776372203414;1,00;50;sbydcgc89frj
Countries;48;CAM;2;0,765302225351334;0,05223815316909512;1,00;50;vzgw3yufjpr4
Food;1;CAM;2;0,496072826236486;0,17070193242511536;0,76;50;qza2yw7qkddd
Food;2;CAM;2;0,726216548159718;0,26090874607284981;0,88;50;wdqr0khtrkyu
Food;3;MAPP;4;0,975534308552742;0,07596491602942410;1,00;50;puwl4gv8w7xv
Food;4;GCM;3;0,455014588832855;0,21530963891141508;0,58;50;i636fcg5x0fy
Food;5;CAM;2;0,854112052917480;0,08263001589545330;1,00;50;mcvs1zmkool3
Food;6;CAM;2;0,430027695298195;0,20658199726991830;0,58;50;s1u4m0v2txtl
Food;7;CAM;2;0,554124501347542;0,10706598852666288;0,84;50;18wkffvb0nro
Food;8;GCM;3;0,526855514645576;0,14784249906934405;0,82;50;69o8no5c4w02
Food;9;CAM;2;0,926194807291031;0,01457913296248513;1,00;50;4exoqp2hez7x
Food;10;RULEXJ;1;0,860720373392105;0,07841538431242873;1,00;50;zh2xzi9fyij8
Food;11;GCM;3;0,580498524401337;0,24245151694552264;0,82;50;zri7kdb5djgr
Food;12;CAM;2;0,859559001028538;0,12508660048227382;0,98;50;38b8w4u86tp9
Food;13;GCM;3;0,473489607870579;0,22589530831602375;0,70;50;jxoeol64n5hz
Food;14;CAM;2;0,837855243682861;0,09333966403129257;1,00;50;02m3zllu1k3s
Food;15;GCM;3;0,974544675350189;0,01088628101421016;1,00;50;5cbmft08cq03
Food;16;RGUESS;6;0,997750473022461;0,00125105801827474;1,00;50;794b9v70hot7
Food;17;RGUESS;6;0,994259936809540;0,00238225873659973;1,00;50;oiytkamz9b68
Food;18;RULEXJ;1;0,975303589105606;0,02315019853854193;1,00;50;5pcezz7727ha
Food;19;RGUESS;6;0,641749520599842;0,19599509547851646;0,84;50;8w65x3973yxq
Food;20;RGUESS;6;0,995233042240143;0,00126212547164988;1,00;50;luaevzlbbjwo
Food;21;GCM;3;0,961810177564621;0,02987832506811533;1,00;50;scj4c0vnxtir
Food;22;RGUESS;6;0,890733934640884;0,03732205237410805;1,00;50;nvvgggjd4479
Food;23;RULEXJ;1;0,369598296582699;0,07399229655042887;0,46;50;wniu05cydgfm
Food;24;RULEXJ;1;0,379711353480816;0,13670811196138147;0,46;50;ny6bqxvzzhx5
Food;25;CAM;2;0,526512102484703;0,06481324625827624;0,58;50;gmz56it2g8ek
Food;26;CAM;2;0,483062904775143;0,20292032839667318;0,64;50;bkehq8h4kqck
Food;27;RULEXJ;1;0,545871385335922;0,16254403283536156;0,64;50;hsb8a87w94ei
Food;28;RGUESS;6;0,986114666461945;0,00462720697387101;1,00;50;3xydkhwxmmdm
Food;29;RULEXJ;1;0,862444347143173;0,08204489749121679;1,00;50;lqga75g2fj41
Food;30;CAM;2;0,456184526085854;0,18322593287846700;0,60;50;9y1vmy0rnmss
Food;31;RGUESS;6;0,574244834184647;0,14779222841266171;0,88;50;9oddgxwo9c9c
Food;32;GCM;3;0,828815038204193;0,07159376226872237;1,00;50;drqmw5inbe0l
Food;33;RULEXJ;1;0,568796789050102;0,07487397491052561;1,00;50;xyjesk589j31
Food;34;RGUESS;6;0,756591762304306;0,07632041436886726;1,00;50;5mutbqbcfxkj
Food;35;GCM;3;0,832426806688309;0,03407449481140720;1,00;50;2uo14k0xw9m4
Food;36;CAM;2;0,844238133430481;0,02867869555746497;1,00;50;kiz0e74wvrz6
Food;37;GCM;3;0,818509464263916;0,10907179423850370;1,00;50;hs7xjpxwqzoz
Food;38;RGUESS;6;0,985716146230698;0,00690667580588961;1,00;50;t7nnzue0eo9u
Food;39;RULEXJ;1;0,568784933090210;0,07530873979740935;0,96;50;l8ezhyyp325m
Food;40;CAM;2;0,675814697742462;0,08319761029335999;1,00;50;5cib5ha5gyup
Food;41;GCM;3;0,715069510936737;0,09351625504037565;0,98;50;0ba3662lv6vw
Food;42;CAM;2;0,876423047780991;0,03297287223718474;1,00;50;ce75nokgote6
Food;43;GCM;3;0,503665419816971;0,22869372708684466;0,64;50;tjoc8yv4kf4o
Food;44;RULEXJ;1;0,658530846238136;0,19026218569060244;0,76;50;lhm6c5m9odj9
Food;45;GCM;3;0,442416635453701;0,10554913557071158;0,86;50;nyo8d8p2ok0i
Food;46;GCM;3;0,637137479273370;0,26801779365600098;0,82;50;j4tufliz4ct6
Mammals;1;MAPP;4;0,966066623926163;0,09079492909974535;0,98;50;chp46vl70814
Mammals;2;GCM;3;0,841948075294495;0,07008354141426767;1,00;50;apzvrxiaap22
Mammals;3;MAPP;4;0,486038956157863;0,28315524468260361;0,52;50;dp0g9nbjr8wo
Mammals;4;GCM;3;0,651444722339511;0,28608228863169316;0,78;50;ch1i36lf3gb1
Mammals;5;GCM;3;0,663656506091356;0,26637936202625756;0,78;50;mrb0s0ckbda9
Mammals;6;GCM;3;0,702595717013901;0,36060011730910285;0,78;50;bkl2178x4saf
Mammals;7;GCM;3;0,947897962331772;0,01849407970671151;1,00;50;s8hbr6g15kfh
Mammals;8;GCM;3;0,935595557689667;0,02050997367629325;1,00;50;6wstjp4wezt4
Mammals;9;RGUESS;6;0,860653896126674;0,34819555331908625;0,86;50;9ohtsd1826k8
Mammals;10;MAPP;4;0,634368746080436;0,38198642855763321;0,62;50;p4km3aw4hdmt
Mammals;11;GCM;3;0,695247281193733;0,28393102148972243;0,80;50;rixs8hohxtip
Mammals;12;GCM;3;0,749974114969373;0,22792054414680529;0,92;50;d363es3nvfvq
Mammals;13;GCM;3;0,875887188911438;0,09432755517048344;1,00;50;t6pxayhn7es0
Mammals;14;GCM;3;0,803579497039318;0,13796828976297371;0,96;50;p8j3krfjtc18
Mammals;15;RGUESS;6;0,716833107247949;0,31851997182501907;0,82;50;45v39tkqnh0b
Mammals;16;GCM;3;0,741841641068459;0,15736375043517353;0,94;50;u9zfucz7zuwn
Mammals;17;GCM;3;0,558221258651465;0,24631506036111436;0,68;50;oszy5gk8fkit
Mammals;18;GCM;3;0,708879974335432;0,24717535209266980;0,82;50;4onztfuwyeet
Mammals;19;GCM;3;0,928871977329254;0,02580075051873554;1,00;50;cpgixk1g8s99
Mammals;20;MAPP;4;0,713332974540449;0,38723591825761100;0,72;50;wq9cvsm023n7
Mammals;21;GCM;3;0,662157907783985;0,16871026506533771;0,92;50;uxc38enxb0sl
Mammals;22;MAPP;4;0,976134783923626;0,11846823388457951;0,98;50;mo6b50e8cl78
Mammals;23;GCM;3;0,934877948760986;0,02917941642831277;1,00;50;hzeafke8f5ke
Mammals;24;RGUESS;6;0,516142643635976;0,34327286918635647;0,58;50;mr8c5sfjy7bc
Mammals;25;MAPP;4;0,656538483984768;0,32160242729169475;0,70;50;9g1zjvfjm5ie
Mammals;26;GCM;3;0,581310830712318;0,28545532972815685;0,72;50;9y9ydj97huhc
Mammals;27;GCM;3;0,891833955049515;0,07321968411226562;1,00;50;tcrqt6ih5i2s
Mammals;28;GCM;3;0,925122669935226;0,02318647531540926;1,00;50;pq5u101ioebi
Mammals;29;GCM;3;0,682264739647508;0,33411826458581140;0,72;50;jpx3htsbrf1n
Mammals;30;MAPP;4;0,984974007606506;0,06141303567227165;1,00;50;bx2kflenfbbi
Mammals;31;MAPP;4;0,908654319047928;0,14197064791844866;0,98;50;dm6c9jbelxv7
Mammals;32;RGUESS;6;0,567333262000757;0,39329630265432386;0,58;50;34tcwd0j5qgq
Mammals;33;GCM;3;0,844453240334988;0,12119455268185317;0,98;50;uyfz2oyo6483
Mammals;34;MAPP;4;0,663227749189828;0,34445298836404575;0,72;50;xic5dq81cqld
Mammals;35;GCM;3;0,425065159574151;0,25761486010980872;0,48;50;m7iifwqavf3f
Mammals;36;GCM;3;0,927998654842377;0,03086036997893878;1,00;50;exre9dksey03
Mammals;37;GCM;3;0,673784136474132;0,19440440590247290;0,86;50;yz6r3zc0isf5
Mammals;38;GCM;3;0,965359082221985;0,01085265591500656;1,00;50;8f6bbs5a58p2
Mammals;39;MAPP;4;0,925220037102699;0,14566698429844249;0,98;50;0xhc0yxm5czl
Mammals;40;GCM;3;0,885547138452530;0,05558021806658233;1,00;50;uh7i5dewrmic
Mammals;41;GCM;3;0,766924967765808;0,09024981197187139;1,00;50;wl5925o0j4iv
Mammals;42;RGUESS;6;0,382714693695307;0,29769565002760018;0,40;50;a3eokjk1z75r
Mammals;43;GCM;3;0,783387659788132;0,07884810706536194;1,00;50;tk04u7pmrsvp
Mammals;44;GCM;3;0,839004089832306;0,10195749332166473;1,00;50;s2edlrqnhaz8
Mammals;45;GCM;3;0,682278762236238;0,21708536273562565;0,88;50;2qewr80masfh
Mammals;46;GCM;3;0,904094409942627;0,02906236579618347;1,00;50;xhkz4vsry78k
Mammals;47;MAPP;4;0,915525802373886;0,15341621384051224;0,96;50;rsulb3mqq6p4
Mammals;48;GCM;3;0,961709840297699;0,01791462756728498;1,00;50;u13d9hi208ge
