ID,best_mod,n_runs,n_agree,alt_mod,n_alt,perc,domain,person
0,RULEXJ,50,24,GCM,26,48,Countries,P1
1,RULEXJ,50,50,NA,NA,100,Countries,P2
2,RULEXJ,50,26,GCM,24,52,Countries,P3
3,RULEXJ,50,50,NA,NA,100,Countries,P4
4,RULEXJ,50,40,RGuess,10,80,Countries,P5
5,RULEXJ,50,29,MAPP,21,57.99999999999999,Countries,P6
6,GCM,50,50,NA,NA,100,Countries,P7
7,GCM,50,50,NA,NA,100,Countries,P8
8,GCM,50,14,MAPP,32,28.000000000000004,Countries,P9
9,RULEXJ,50,50,NA,NA,100,Countries,P10
10,GCM,50,25,RULEXJ,25,50,Countries,P11
11,RULEXJ,50,50,NA,NA,100,Countries,P12
12,GCM,50,0,MAPP,49,0,Countries,P13
13,RULEXJ,50,50,NA,NA,100,Countries,P14
14,GCM,50,50,NA,NA,100,Countries,P15
15,RULEXJ,50,50,NA,NA,100,Countries,P16
16,RULEXJ,50,17,GCM,33,34,Countries,P17
17,GCM,50,7,RULEXJ,43,14.000000000000002,Countries,P18
18,RULEXJ,50,50,NA,NA,100,Countries,P19
19,RULEXJ,50,49,RGuess,1,98,Countries,P20
20,RULEXJ,50,16,MAPP,34,32,Countries,P21
21,RULEXJ,50,50,NA,NA,100,Countries,P22
22,RGuess,50,7,RULEXJ,43,14.000000000000002,Countries,P23
23,RULEXJ,50,50,NA,NA,100,Countries,P24
24,RULEXJ,50,15,GCM,35,30,Countries,P25
25,RULEXJ,50,49,RGuess,1,98,Countries,P26
26,GCM,50,50,NA,NA,100,Countries,P27
27,GCM,50,50,NA,NA,100,Countries,P28
28,RULEXJ,50,50,NA,NA,100,Countries,P29
29,GCM,50,43,RULEXJ,7,86,Countries,P30
30,GCM,50,50,NA,NA,100,Countries,P31
31,RULEXJ,50,48,MAPP,2,96,Countries,P32
32,GCM,50,50,NA,NA,100,Countries,P33
33,RULEXJ,50,50,NA,NA,100,Countries,P34
34,MAPP,50,50,NA,NA,100,Countries,P35
35,RGuess,50,50,NA,NA,100,Countries,P36
36,MAPP,50,13,RULEXJ,24,26,Countries,P37
37,RULEXJ,50,50,NA,NA,100,Countries,P38
38,GCM,50,48,MAPP,2,96,Countries,P39
39,RULEXJ,50,50,NA,NA,100,Countries,P40
40,RULEXJ,50,6,GCM,44,12,Countries,P41
41,GCM,50,50,NA,NA,100,Countries,P42
42,GCM,50,6,MAPP,30,12,Countries,P43
43,RULEXJ,50,50,NA,NA,100,Countries,P44
44,GCM,50,46,RULEXJ,4,92,Countries,P45
45,GCM,50,48,RULEXJ,2,96,Countries,P46
46,RULEXJ,50,50,NA,NA,100,Countries,P47
47,CAM,50,49,RULEXJ,1,98,Countries,P48
0,CAM,50,3,RGuess,47,6,Food,P1
1,CAM,50,22,QEst,17,44,Food,P2
2,MAPP,50,49,QEst,1,98,Food,P3
3,GCM,50,35,CAM,14,70,Food,P4
4,CAM,50,48,GCM,2,96,Food,P5
5,CAM,50,16,RULEXJ,21,32,Food,P6
6,CAM,50,41,GCM,3,82,Food,P7
7,CAM,50,0,GCM,50,0,Food,P8
8,CAM,50,50,NA,NA,100,Food,P9
9,RULEXJ,50,50,NA,NA,100,Food,P10
10,GCM,50,30,MAPP,18,60,Food,P11
11,CAM,50,46,MAPP,4,92,Food,P12
12,GCM,50,29,CAM,18,57.99999999999999,Food,P13
13,CAM,50,47,GCM,2,94,Food,P14
14,GCM,50,50,NA,NA,100,Food,P15
15,RGuess,50,50,NA,NA,100,Food,P16
16,RGuess,50,50,NA,NA,100,Food,P17
17,RULEXJ,50,50,NA,NA,100,Food,P18
18,RGuess,50,31,GCM,19,62,Food,P19
19,RGuess,50,50,NA,NA,100,Food,P20
20,GCM,50,50,NA,NA,100,Food,P21
21,RGuess,50,50,NA,NA,100,Food,P22
22,RULEXJ,50,30,CAM,17,60,Food,P23
23,RGuess,50,50,NA,NA,100,Food,P24
24,CAM,50,4,RULEXJ,46,8,Food,P25
25,GCM,50,2,CAM,42,4,Food,P26
26,RULEXJ,50,35,QEst,8,70,Food,P27
27,RGuess,50,50,NA,NA,100,Food,P28
28,RULEXJ,50,47,GCM,3,94,Food,P29
29,RULEXJ,50,5,CAM,45,10,Food,P30
30,RGuess,50,50,NA,NA,100,Food,P31
31,GCM,50,50,NA,NA,100,Food,P32
32,RULEXJ,50,13,GCM,37,26,Food,P33
33,RGuess,50,50,NA,NA,100,Food,P34
34,GCM,50,50,NA,NA,100,Food,P35
35,CAM,50,50,NA,NA,100,Food,P36
36,GCM,50,50,NA,NA,100,Food,P37
37,RGuess,50,50,NA,NA,100,Food,P38
38,RULEXJ,50,36,GCM,12,72,Food,P39
39,CAM,50,50,NA,NA,100,Food,P40
40,GCM,50,50,NA,NA,100,Food,P41
41,CAM,50,49,GCM,1,98,Food,P42
42,GCM,50,27,CAM,22,54,Food,P43
43,RULEXJ,50,5,GCM,45,10,Food,P44
44,GCM,50,44,CAM,6,88,Food,P45
45,GCM,50,46,QEst,2,92,Food,P46
0,MAPP,50,35,GCM,15,70,Mammals,P1
1,GCM,50,34,RULEXJ,16,68,Mammals,P2
2,GCM,50,14,MAPP,35,28.000000000000004,Mammals,P3
3,GCM,50,47,MAPP,3,94,Mammals,P4
4,RULEXJ,50,27,GCM,22,54,Mammals,P5
5,GCM,50,47,RULEXJ,3,94,Mammals,P6
6,GCM,50,50,NA,NA,100,Mammals,P7
7,GCM,50,50,NA,NA,100,Mammals,P8
8,RULEXJ,50,4,RGuess,42,8,Mammals,P9
9,GCM,50,13,MAPP,35,26,Mammals,P10
10,GCM,50,50,NA,NA,100,Mammals,P11
11,GCM,50,22,RULEXJ,27,44,Mammals,P12
12,GCM,50,49,RULEXJ,1,98,Mammals,P13
13,GCM,50,42,MAPP,8,84,Mammals,P14
14,GCM,50,33,RGuess,14,66,Mammals,P15
15,GCM,50,32,MAPP,9,64,Mammals,P16
16,GCM,50,25,RULEXJ,14,50,Mammals,P17
17,GCM,50,49,MAPP,1,98,Mammals,P18
18,GCM,50,50,NA,NA,100,Mammals,P19
19,MAPP,50,45,GCM,4,90,Mammals,P20
20,GCM,50,33,RULEXJ,17,66,Mammals,P21
21,MAPP,50,50,NA,NA,100,Mammals,P22
22,GCM,50,50,NA,NA,100,Mammals,P23
23,RGuess,50,33,GCM,12,66,Mammals,P24
24,GCM,50,37,MAPP,12,74,Mammals,P25
25,MAPP,50,20,GCM,22,40,Mammals,P26
26,GCM,50,50,NA,NA,100,Mammals,P27
27,GCM,50,50,NA,NA,100,Mammals,P28
28,RULEXJ,50,5,GCM,43,10,Mammals,P29
29,MAPP,50,49,GCM,1,98,Mammals,P30
30,MAPP,50,43,GCM,7,86,Mammals,P31
31,RGuess,50,17,GCM,20,34,Mammals,P32
32,GCM,50,44,MAPP,6,88,Mammals,P33
33,MAPP,50,31,RGuess,17,62,Mammals,P34
34,GCM,50,33,RGuess,15,66,Mammals,P35
35,GCM,50,50,NA,NA,100,Mammals,P36
36,GCM,50,15,RULEXJ,30,30,Mammals,P37
37,GCM,50,50,NA,NA,100,Mammals,P38
38,MAPP,50,41,GCM,9,82,Mammals,P39
39,GCM,50,50,NA,NA,100,Mammals,P40
40,GCM,50,43,RULEXJ,7,86,Mammals,P41
41,RGuess,50,17,GCM,17,34,Mammals,P42
42,GCM,50,49,RULEXJ,1,98,Mammals,P43
43,GCM,50,50,NA,NA,100,Mammals,P44
44,GCM,50,44,MAPP,5,88,Mammals,P45
45,GCM,50,50,NA,NA,100,Mammals,P46
46,MAPP,50,50,NA,NA,100,Mammals,P47
47,GCM,50,50,NA,NA,100,Mammals,P48
