ID;country;continent;Abbreviation;Life Expectancy;Latitude;Longitude;Population;GDP (2023 - worldbank);Co2-Emissions;Area (km2);Density (P/Km2)
1;China;asia;CN;78,0;35,86166;104,195397;1416100000;17794783,04;9893038;9700000;150
2;India;asia;IN;72,2;20,593684;78,96288;1463870000;3567551,67;2407672;3300000;492
3;United States;north_america;US;79,5;23,424076;53,847818;347276000;27720709;5006302;9400000;38
4;Nigeria;africa;NG;54,6;9,081999;8,675277;237528000;363846,33;120369;923800;261
5;Brazil;south_america;BR;76,0;-14,235004;-51,92528;212812000;2173665,66;462299;8500000;25
6;Russia;europe;RU;73,3;61,52401;105,318756;143997000;2021421,48;1732027;17100000;9
7;Mexico;north_america;MX;75,3;23,634501;-102,552784;131947000;1789114,43;486406;2000000;68
8;Ethiopia;africa;ET;67,6;9,145;40,489673;135472000;163697,93;14870;1100000;120
9;Egypt;africa;EG;71,8;26,820553;30,802498;118366000;396002,5;238560;1000000;119
10;Vietnam;asia;VN;74,7;14,058324;108,277199;101599000;429716,97;192668;331200;324
11;Democratic Republic of the Congo;africa;CD;62,1;-4,038333;21,758664;112832000;66383,29;2021;2300000;50
12;Germany;europe;DE;81,5;51,165691;10,451526;84075100;4525703,9;727973;357100;241
13;Iran;asia;IR;77,8;32,427908;53,688046;92417700;404625,66;661710;1600000;57
14;France;europe;FR;83,5;46,227638;2,213749;66650800;3051831,61;303276;551700;122
15;South Africa;africa;ZA;66,3;-30,559482;22,937506;64747300;380699,27;476644;1200000;53
16;Tanzania;africa;TZ;67,2;-6,369028;34,888822;70545900;79062,4;11973;945100;80
17;Colombia;south_america;CO;77,9;4,570868;-74,297333;53425600;363493,84;97814;1100000;48
18;Argentina;south_america;AR;77,5;-38,416097;-63,616672;45851400;646075,28;201348;2800000;17
19;Canada;north_america;CA;82,7;56,130366;-106,346771;40126700;2142470,91;544894;10000000;4
20;Ukraine;europe;UA;72,0;48,379433;31,16558;38980400;178757,02;202250;603500;67
21;Angola;africa;AO;64,8;-11,202692;17,873887;39040000;84824,65;34693;1200000;31
22;Peru;south_america;PE;77,9;-9,189967;-75,015152;34576700;267603,25;57414;1300000;27
23;Yemen;asia;YE;69,4;15,552727;48,516388;41773900;21606,16;10609;528000;79
24;Ivory Coast;africa;CI;62,1;7,539989;-5,54708;32711500;78875,49;9674;322500;103
25;Nepal;asia;NP;70,6;28,394857;84,124008;29618100;40908,07;9105;147200;207
26;Venezuela;south_america;VE;72,7;6,42375;-66,58973;28516900;482359,32;164175;916400;32
27;Australia;oceania;AU;84,1;-25,274398;133,775136;26974000;1728057,32;375908;7700000;4
28;Taiwan;asia;NA;80,9;25,105497;121,597366;23112800;NA;NA;36200;639
29;Syria;asia;SY;72,6;34,802075;38,996815;25620400;23622,83;28830;185200;140
30;Burkina Faso;africa;BF;61,3;12,238333;-1,561593;24074600;20324,62;3418;273000;88
31;Chile;south_america;CL;81,4;-35,675147;-71,542969;19859900;335533,33;85822;756100;27
32;Netherlands;europe;NL;82,3;52,132633;5,291266;18346800;1154361,31;170780;41900;545
33;Ecuador;south_america;EC;77,6;-1,831239;-78,183406;18289900;118844,83;41155;276800;74
34;Benin;africa;BJ;61,0;9,30769;2,315834;14814500;19676,05;6476;112600;131
35;Bolivia;south_america;BO;68,7;-16,290154;-63,588653;12581800;45135,4;21606;1100000;12
36;Papua New Guinea;oceania;PG;66,3;-6,314993;143,95555;10762800;30729,24;7536;462800;24
37;Haiti;north_america;HT;65,1;18,971187;-72,285215;11906100;19850,83;2978;27800;432
38;Cuba;north_america;CU;78,3;21,521757;-77,781167;10937200;107351,8;28284;109900;105
39;Greece;europe;GR;82,0;39,074208;21,824312;9938840;243498,33;62434;132000;77
40;Honduras;north_america;HN;73,0;15,199999;-86,241905;11005800;34400,51;9813;112500;98
41;United Arab Emirates;asia;AE;83,1;23,424076;53,847818;11346000;514130,43;206324;83600;160
42;Libya;africa;LY;71,1;26,3351;17,228331;7458560;34015,62;50564;1800000;4
43;El Salvador;north_america;SV;72,3;13,794185;-88,89653;6365500;45096,46;7169;21000;307
44;Serbia;europe;RS;76,9;44,016521;21,005859;6689040;81342,66;45221;88400;76
45;Paraguay;south_america;PY;74,0;-23,442503;-58,443832;7013080;42956,26;7407;406800;18
46;Ireland;europe;NA;82,6;53,41291;-8,24389;5308040;551394,89;37711;70300;77
47;New Zealand;oceania;NZ;82,0;-40,900557;174,885971;5251900;252175,51;34382;270500;20
48;Costa Rica;north_america;CR;81,0;9,748917;-83,753428;5152950;86497,94;8023;51100;101
49;Croatia;europe;HR;78,8;45,1;15,2;3848160;84393,8;17488;56600;69
50;Mongolia;asia;MN;72,0;46,862496;103,846656;3517100;20325,12;25368;1600000;2
51;Uruguay;south_america;UY;78,3;-32,522779;-55,765835;3384690;77240,83;6766;181000;19
52;Jamaica;north_america;JM;71,6;18,109581;-77,297508;2837080;19423,36;8225;11000;262
53;Moldova;europe;MD;71,3;47,411631;28,369885;2996110;16539,44;5115;33800;91
54;Lesotho;africa;LS;57,8;-29,609988;28,233608;2363320;2117,96;2512;30400;78
55;Guinea-Bissau;africa;GW;64,3;11,803749;-15,180413;2249520;2048,35;293;36100;80
56;Trinidad and Tobago;south_america;TT;73,6;10,691803;-61,222503;1511160;27372,29;43868;5100;295
57;Fiji;oceania;FJ;67,5;-16,578193;178,065032;933154;5442,05;2046;18300;51
58;Bhutan;asia;BT;73,3;27,514162;90,433601;796682;2898,23;1261;38400;21
59;Guyana;south_america;GY;70,3;4,860416;-58,93018;835986;17159,51;2384;215000;4
60;Solomon Islands;oceania;SB;70,7;-9,64571;160,156194;838645;1633,32;169;28900;30
61;Suriname;south_america;SR;73,8;3,919305;-56,027783;63985;3455,15;1738;163800;4
62;Brunei;asia;BN;75,5;4,535277;114,727669;46633;15128,29;7664;5800;88
63;Iceland;europe;IS;83,0;64,963051;-19,020835;398266;31325,12;2065;103000;4
64;Maldives;asia;MV;81,3;3,202778;73,22068;529676;6590,89;1445;300;1766
65;Săo Tomé and Príncipe;africa;ST;69,9;0,18636;67,273;240254;678,98;121;964;250
66;Samoa;oceania;WS;71,8;-13,759029;-172,104629;219306;938,19;246;2800;79
67;Saint Lucia;north_america;LC;72,8;13,909444;-60,978893;180149;2430,15;414;616;295
68;Saint Vincent and the Grenadines;north_america;VC;71,4;12,984305;-61,287228;99924;1065,96;220;389;256
69;Seychelles;africa;SC;73,0;-4,679574;55,491977;132779;2141,45;605;452;289
70;Tonga;oceania;TO;73,1;-21,178986;-175,198242;103742;51818;128;747;144
71;Dominica;north_america;DM;71,3;15,414999;-61,370976;65871;653,99;180;751;88
72;Saint Kitts and Nevis;north_america;KN;72,3;17,357822;-62,782998;46922;1055,5;238;261;180
73;Marshall Islands;oceania;MH;67,1;7,131474;171,184478;36282;259,3;143;181;202
74;San Marino;europe;SM;85,8;43,94236;12,457777;33572;1831,7;NA;61;560
75;Palau;oceania;PW;69,4;7,51498;134,58252;17663;281,85;224;459;38
76;Cook Islands;oceania;NA;75,5;-21,236736;-159,777671;13263;NA;NA;240;55
77;Nauru;oceania;NR;62,3;-0,522778;166,931503;12025;154,17;NA;21;601
78;Tuvalu;oceania;TV;67,3;-7,109535;177,64933;9492;62,28;11;26;316
79;Niue;oceania;NA;70,1;-19,054445;-169,867233;1821;NA;NA;261;7
80;Vatican City;europe;NA;83,1;41,902916;12,453389;501;NA;NA;< 1;1139
